{
    "avg_latency": 0.8976475554052741,
    "latencies": [
        0.8960332559654489,
        0.8960284609347582,
        0.8976164510240778,
        0.8967654489679262,
        0.896819005953148,
        0.8986673549516127,
        0.8982113220263273,
        0.8971265160944313,
        0.8976227750536054,
        0.9015849630814046
    ],
    "percentiles": {
        "10": 0.8960327764623799,
        "25": 0.8967788382142317,
        "50": 0.8973714835592546,
        "75": 0.8980641852831468,
        "90": 0.8989591157645919,
        "99": 0.9013223783497233
    }
}