{
    "avg_latency": 8.994597111421172,
    "latencies": [
        9.165922297979705,
        8.899820244987495,
        8.881346413050778,
        8.895689224009402,
        9.202892071916722,
        8.910896431072615,
        8.914133528014645,
        8.934742729994468,
        9.21492294408381,
        8.925605229102075
    ],
    "percentiles": {
        "10": 8.89425494291354,
        "25": 8.902589291508775,
        "50": 8.91986937855836,
        "75": 9.108127405983396,
        "90": 9.20409515913343,
        "99": 9.213840165588772
    }
}