{
    "avg_latency": 1.1981172476895154,
    "latencies": [
        1.14824406709522,
        1.2143035980407149,
        1.2020474639721215,
        1.1945521000307053,
        1.159558119950816,
        1.1835448539350182,
        1.1741392799885944,
        1.1849737060256302,
        1.1577194898854941,
        1.3620897979708388
    ],
    "percentiles": {
        "10": 1.1567719476064666,
        "25": 1.1632034099602606,
        "50": 1.1842592799803242,
        "75": 1.2001736229867674,
        "90": 1.2290822180337273,
        "99": 1.3487890399771276
    }
}