{
    "avg_latency": 5.779743398912251,
    "latencies": [
        5.712738630012609,
        5.656985332956538,
        6.08889745909255,
        5.758256230037659,
        5.743263819022104,
        5.817600358044729,
        5.813644403940998,
        5.7683175939600915,
        5.698224607040174,
        5.739505555015057
    ],
    "percentiles": {
        "10": 5.694100679631811,
        "25": 5.719430361263221,
        "50": 5.750760024529882,
        "75": 5.802312701445771,
        "90": 5.84473006814951,
        "99": 6.0644807199982464
    }
}