{
    "avg_latency": 7.110370314714965,
    "latencies": [
        7.095742314006202,
        7.08566298999358,
        7.064776009996422,
        7.063873999984935,
        7.09398440096993,
        7.073947173077613,
        7.218999644042924,
        7.13841279305052,
        7.039634353015572,
        7.2286694690119475
    ],
    "percentiles": {
        "10": 7.061450035287999,
        "25": 7.0670688007667195,
        "50": 7.089823695481755,
        "75": 7.127745173289441,
        "90": 7.219966626539827,
        "99": 7.227799184764735
    }
}