{
    "avg_latency": 0.7171628322103061,
    "latencies": [
        0.717713778023608,
        0.7169347170274705,
        0.7162656869040802,
        0.7174210739322007,
        0.7164624370634556,
        0.7163980000186712,
        0.7166197570040822,
        0.716785230091773,
        0.7180445230333135,
        0.718983119004406
    ],
    "percentiles": {
        "10": 0.716384768707212,
        "25": 0.7165017670486122,
        "50": 0.7168599735596217,
        "75": 0.7176406020007562,
        "90": 0.7181383826304227,
        "99": 0.7188986453670076
    }
}