{
    "avg_latency": 7.157840225589462,
    "latencies": [
        7.081872443901375,
        7.33148582407739,
        7.1004062599968165,
        7.116030793054961,
        7.236576654948294,
        7.194223147002049,
        7.091329194023274,
        7.191039536963217,
        7.119563771993853,
        7.115874629933387
    ],
    "percentiles": {
        "10": 7.090383519011084,
        "25": 7.104273352480959,
        "50": 7.117797282524407,
        "75": 7.193427244492341,
        "90": 7.246067571861204,
        "99": 7.322943998855772
    }
}