{
    "avg_latency": 0.7152210914064199,
    "latencies": [
        0.712099373107776,
        0.7153265789384022,
        0.7151133849984035,
        0.7168049740139395,
        0.7139322189614177,
        0.7139642459806055,
        0.7170418000314385,
        0.7147372449981049,
        0.7189923530677333,
        0.7141987399663776
    ],
    "percentiles": {
        "10": 0.7137489343760535,
        "25": 0.7140228694770485,
        "50": 0.7149253149982542,
        "75": 0.7164353752450552,
        "90": 0.717236855335068,
        "99": 0.7188168032944668
    }
}