{
    "avg_latency": 5.605102048104163,
    "latencies": [
        5.608740631956607,
        5.609233689960092,
        5.608251394005492,
        5.613784017041326,
        5.610726131009869,
        5.609801135957241,
        5.596090064034797,
        5.595029175048694,
        5.59570166002959,
        5.6036625819979236
    ],
    "percentiles": {
        "10": 5.595634411531501,
        "25": 5.597983193525579,
        "50": 5.60849601298105,
        "75": 5.609659274457954,
        "90": 5.611031919613015,
        "99": 5.613508807298494
    }
}