{
    "avg_latency": 9.00740538330283,
    "latencies": [
        8.948393500992097,
        8.947516581043601,
        8.939138412941247,
        8.93700970406644,
        9.258353778976016,
        8.945547890034504,
        8.949556963983923,
        8.951138267060742,
        9.236995450919494,
        8.960403283010237
    ],
    "percentiles": {
        "10": 8.938925542053767,
        "25": 8.946040062786778,
        "50": 8.94897523248801,
        "75": 8.958087029022863,
        "90": 9.239131283725147,
        "99": 9.256431529450929
    }
}