{
    "avg_latency": 0.9204040324199013,
    "latencies": [
        1.114755410933867,
        0.8973555740667507,
        0.9035626900149509,
        0.8990015320014209,
        0.899528315057978,
        0.8983434160472825,
        0.8989715640200302,
        0.8981147300219163,
        0.8976795900380239,
        0.8967275019967929
    ],
    "percentiles": {
        "10": 0.8972927668597549,
        "25": 0.897788375033997,
        "50": 0.8986574900336564,
        "75": 0.8993966192938387,
        "90": 0.9246819621068425,
        "99": 1.0957480660511647
    }
}