{
    "avg_latency": 1.2076413519098423,
    "latencies": [
        1.1611246400279924,
        1.2129951469833031,
        1.150583457085304,
        1.4545513099292293,
        1.2005713769467548,
        1.195137700997293,
        1.1879499440547079,
        1.1743150010006502,
        1.1661649800371379,
        1.1730199620360509
    ],
    "percentiles": {
        "10": 1.1600705217337235,
        "25": 1.1678787255368661,
        "50": 1.181132472527679,
        "75": 1.1992129579593893,
        "90": 1.2371507632778957,
        "99": 1.432811255264096
    }
}